Date,ACT_Hsi_RSS01,ACT_Hsi_RSS02,ACT_Hsi_RSS03,ACT_Hsi_RSS04,ACT_Hsi_RSS05,ACT_Hsi_RSS06,ACT_Hsi_RSS07,ACT_Hsi_RSS08,ACT_Hsi_RSS09,ACT_Hsi_RSS10,ACT_Hsi_RSS11,ACT_Hsi_RSS12,ACT_Hsi_RSS13,ACT_Hsi_RSS14,ACT_Hsi_RSS15,ACT_Hsi_RSS16,ACT_Hsi_RSS17,ACT_Hsi_RSS18,ACT_Hsi_RSS99,ACT_Si_RSS01,ACT_Si_RSS02,ACT_Si_RSS03,ACT_Si_RSS04,ACT_Si_RSS05,ACT_Si_RSS06,ACT_Si_RSS07,ACT_Si_RSS08,ACT_Si_RSS09,ACT_Si_RSS10,ACT_Si_RSS11,ACT_Si_RSS12,ACT_Si_RSS13,ACT_Si_RSS14,ACT_Si_RSS15,ACT_Si_RSS16,ACT_Si_RSS17,ACT_Si_RSS18,ACT_Si_RSS99,ACT_Total_RSS01,ACT_Total_RSS02,ACT_Total_RSS03,ACT_Total_RSS04,ACT_Total_RSS05,ACT_Total_RSS06,ACT_Total_RSS07,ACT_Total_RSS08,ACT_Total_RSS09,ACT_Total_RSS10,ACT_Total_RSS11,ACT_Total_RSS12,ACT_Total_RSS13,ACT_Total_RSS14,ACT_Total_RSS15,ACT_Total_RSS16,ACT_Total_RSS17,ACT_Total_RSS18,ACT_Total_RSS99
11/23/2020,1,52,39,43,16,172,49,2,1,0,5,23,21,24,35,76,0,0,559,0,5,5,8,8,34,4,0,0,0,0,6,2,8,5,11,0,0,96,1,57,44,51,24,206,53,2,1,0,5,29,23,32,40,87,0,0,655
11/22/2020,2,50,42,45,12,154,49,2,1,0,5,20,24,23,39,68,0,0,536,0,8,5,6,7,31,4,0,0,0,0,8,2,10,5,12,0,0,98,2,58,47,51,19,185,53,2,1,0,5,28,26,33,44,80,0,0,634
11/21/2020,2,54,43,43,13,151,50,2,1,0,5,21,24,28,36,66,0,0,539,0,7,5,9,8,33,3,0,0,0,0,8,2,9,4,15,0,0,103,2,61,48,52,21,184,53,2,1,0,5,29,26,37,40,81,0,0,642
11/20/2020,1,47,46,43,15,158,50,2,1,0,4,24,24,27,36,69,0,0,547,0,7,4,8,9,32,2,0,0,0,0,9,2,10,3,13,0,0,99,1,54,50,51,24,190,52,2,1,0,4,33,26,37,39,82,0,0,646
11/19/2020,0,41,44,40,14,155,54,2,0,0,7,24,20,23,37,67,0,0,528,0,10,5,8,8,29,2,0,0,0,0,8,2,10,3,11,0,0,96,0,51,49,48,22,184,56,2,0,0,7,32,22,33,40,78,0,0,624
11/18/2020,0,38,46,42,18,162,56,2,0,0,7,27,22,25,36,69,0,0,550,0,10,5,9,9,32,2,0,0,0,0,6,2,13,2,11,0,0,101,0,48,51,51,27,194,58,2,0,0,7,33,24,38,38,80,0,0,651
11/17/2020,1,36,46,36,19,165,58,2,0,0,7,23,20,25,43,71,0,0,552,0,9,6,10,9,31,3,0,0,0,0,6,1,12,1,12,0,0,100,1,45,52,46,28,196,61,2,0,0,7,29,21,37,44,83,0,0,652
11/16/2020,1,35,43,34,17,160,56,2,0,0,6,23,22,24,42,73,0,0,538,0,9,7,9,9,32,3,0,0,0,0,6,1,10,2,12,0,0,100,1,44,50,43,26,192,59,2,0,0,6,29,23,34,44,85,0,0,638
11/15/2020,0,34,39,32,19,141,55,2,0,0,6,24,23,23,39,67,0,0,504,0,8,7,7,5,28,2,0,0,0,0,6,0,10,3,11,0,0,87,0,42,46,39,24,169,57,2,0,0,6,30,23,33,42,78,0,0,591
11/14/2020,1,29,36,35,16,144,53,2,0,0,5,21,23,24,44,65,0,0,498,0,8,8,8,5,29,3,0,0,0,0,5,0,10,3,10,0,0,89,1,37,44,43,21,173,56,2,0,0,5,26,23,34,47,75,0,0,587
11/13/2020,1,26,36,35,16,145,50,2,0,0,8,21,23,23,47,68,0,0,501,0,6,7,8,3,29,3,0,0,0,0,5,0,9,3,9,0,0,82,1,32,43,43,19,174,53,2,0,0,8,26,23,32,50,77,0,0,583
11/12/2020,2,23,37,31,20,150,52,2,0,0,8,15,21,21,51,65,0,0,498,0,8,7,6,3,29,3,0,0,0,0,8,0,9,3,9,0,0,85,2,31,44,37,23,179,55,2,0,0,8,23,21,30,54,74,0,0,583
11/11/2020,2,23,38,30,19,155,48,2,0,0,7,15,20,24,53,61,0,0,497,0,7,7,6,3,29,4,0,0,0,0,7,0,10,3,10,0,0,86,2,30,45,36,22,184,52,2,0,0,7,22,20,34,56,71,0,0,583
11/10/2020,2,27,35,27,19,153,44,2,0,0,8,18,19,21,52,62,0,0,489,0,5,9,5,4,26,4,0,0,0,0,9,0,11,3,8,0,0,84,2,32,44,32,23,179,48,2,0,0,8,27,19,32,55,70,0,0,573
11/09/2020,2,21,38,20,18,146,44,2,0,0,4,20,17,17,46,57,0,0,452,0,4,10,4,4,26,3,0,0,0,0,9,0,11,3,8,0,0,82,2,25,48,24,22,172,47,2,0,0,4,29,17,28,49,65,0,0,534
11/08/2020,4,22,46,25,10,141,45,2,0,0,6,20,15,19,48,61,0,0,464,0,3,11,3,2,27,4,0,0,0,0,7,1,9,2,7,0,0,76,4,25,57,28,12,168,49,2,0,0,6,27,16,28,50,68,0,0,540
11/07/2020,2,18,44,28,10,137,41,2,0,0,4,23,17,18,45,61,0,0,450,0,3,11,3,2,29,4,0,0,0,0,6,1,9,2,7,0,0,77,2,21,55,31,12,166,45,2,0,0,4,29,18,27,47,68,0,0,527
11/06/2020,2,18,42,31,11,131,42,2,0,0,4,23,17,17,43,62,0,0,445,0,3,11,3,2,28,3,0,0,0,0,6,2,11,2,7,0,0,78,2,21,53,34,13,159,45,2,0,0,4,29,19,28,45,69,0,0,523
11/05/2020,2,19,49,25,11,136,49,2,0,0,3,26,18,16,42,64,0,0,462,0,2,12,3,2,29,3,0,0,0,0,7,1,10,1,7,0,0,77,2,21,61,28,13,165,52,2,0,0,3,33,19,26,43,71,0,0,539
11/04/2020,2,20,50,27,11,131,45,2,0,0,6,23,18,18,41,62,0,0,456,0,2,13,3,3,29,4,0,0,0,0,8,1,8,1,10,0,0,82,2,22,63,30,14,160,49,2,0,0,6,31,19,26,42,72,0,0,538
11/03/2020,0,18,54,23,14,128,44,2,0,0,9,27,16,18,40,65,0,0,458,0,3,12,3,4,31,3,0,0,0,0,6,1,8,1,9,0,0,81,0,21,66,26,18,159,47,2,0,0,9,33,17,26,41,74,0,0,539
11/02/2020,2,20,54,22,15,116,36,2,0,0,9,26,15,18,42,64,0,0,441,0,2,13,4,4,32,3,0,0,0,0,8,1,9,0,9,0,0,85,2,22,67,26,19,148,39,2,0,0,9,34,16,27,42,73,0,0,526
11/01/2020,2,21,53,21,11,120,35,2,0,0,5,25,14,14,36,59,0,0,418,0,1,13,5,3,28,3,0,0,0,0,9,2,8,2,7,0,0,81,2,22,66,26,14,148,38,2,0,0,5,34,16,22,38,66,0,0,499
10/31/2020,2,23,55,20,12,117,27,2,0,0,6,24,15,15,37,57,0,0,412,0,2,12,5,4,28,2,0,0,0,0,10,2,7,3,9,0,0,84,2,25,67,25,16,145,29,2,0,0,6,34,17,22,40,66,0,0,496
10/30/2020,2,20,60,23,12,119,32,2,0,0,5,24,16,17,27,62,0,0,421,0,4,12,5,4,27,2,0,0,0,0,7,3,7,1,10,0,0,82,2,24,72,28,16,146,34,2,0,0,5,31,19,24,28,72,0,0,503
10/29/2020,1,21,67,22,12,130,29,2,0,0,4,27,14,15,29,61,0,0,434,1,4,11,5,3,26,2,0,0,0,0,7,3,7,2,10,0,0,81,2,25,78,27,15,156,31,2,0,0,4,34,17,22,31,71,0,0,515
10/28/2020,1,19,71,16,12,130,27,2,0,0,4,34,14,14,25,62,0,0,431,1,3,12,5,3,26,1,0,0,0,0,5,4,7,1,10,0,0,78,2,22,83,21,15,156,28,2,0,0,4,39,18,21,26,72,0,0,509
10/27/2020,2,20,78,19,11,130,27,2,0,0,7,31,15,12,25,58,0,0,437,1,4,15,4,3,27,1,0,0,0,0,9,4,8,2,11,0,0,89,3,24,93,23,14,157,28,2,0,0,7,40,19,20,27,69,0,0,526
10/26/2020,3,17,88,22,9,119,24,2,0,0,6,33,17,13,24,59,0,0,436,1,4,16,4,3,27,1,0,0,0,0,9,4,7,2,13,0,0,91,4,21,104,26,12,146,25,2,0,0,6,42,21,20,26,72,0,0,527
10/25/2020,2,16,84,20,7,109,24,2,0,0,6,35,17,13,22,59,0,0,416,1,2,18,4,2,31,1,0,0,0,0,8,4,7,2,13,0,0,93,3,18,102,24,9,140,25,2,0,0,6,43,21,20,24,72,0,0,509
10/24/2020,3,17,82,22,7,110,24,3,0,0,6,33,19,14,21,59,0,0,420,1,2,18,4,2,34,1,0,0,0,1,9,4,6,2,13,0,0,97,4,19,100,26,9,144,25,3,0,0,7,42,23,20,23,72,0,0,517
10/23/2020,3,18,85,18,8,110,24,3,0,0,5,40,18,12,18,59,0,0,421,1,2,16,4,3,33,1,0,0,0,0,8,4,6,2,13,0,0,93,4,20,101,22,11,143,25,3,0,0,5,48,22,18,20,72,0,0,514
10/22/2020,3,18,76,14,9,108,23,5,0,0,5,40,22,9,14,58,0,0,404,1,2,18,4,4,34,1,0,0,0,0,8,5,7,2,13,0,0,99,4,20,94,18,13,142,24,5,0,0,5,48,27,16,16,71,0,0,503
10/21/2020,3,19,72,16,12,106,25,5,0,0,8,45,20,10,11,61,0,0,413,1,3,18,4,4,33,1,0,0,0,0,10,5,6,2,14,0,0,101,4,22,90,20,16,139,26,5,0,0,8,55,25,16,13,75,0,0,514
10/20/2020,3,20,80,22,11,105,23,4,0,0,8,48,20,11,13,66,0,0,434,1,1,15,4,4,33,1,0,0,0,0,8,5,6,3,13,0,0,94,4,21,95,26,15,138,24,4,0,0,8,56,25,17,16,79,0,0,528
10/19/2020,4,15,83,20,10,104,22,4,0,0,8,42,19,10,13,75,0,0,429,2,2,14,4,5,36,1,0,0,0,0,12,5,4,4,11,0,0,100,6,17,97,24,15,140,23,4,0,0,8,54,24,14,17,86,0,0,529
10/18/2020,4,15,86,16,6,100,22,5,0,0,5,45,18,7,16,61,0,0,406,2,0,15,4,2,34,1,0,0,0,0,10,3,4,5,12,0,0,92,6,15,101,20,8,134,23,5,0,0,5,55,21,11,21,73,0,0,498
10/17/2020,4,13,89,17,6,100,21,5,0,0,5,39,15,8,16,66,0,0,404,1,0,13,3,2,34,1,0,0,0,0,12,3,4,4,11,0,0,88,5,13,102,20,8,134,22,5,0,0,5,51,18,12,20,77,0,0,492
10/16/2020,4,13,89,19,7,100,17,5,0,0,5,44,13,7,14,56,0,0,393,1,0,13,4,2,33,1,0,0,0,0,11,4,4,3,9,0,0,85,5,13,102,23,9,133,18,5,0,0,5,55,17,11,17,65,0,0,478
10/15/2020,4,11,89,22,8,98,15,5,0,0,4,34,12,6,15,58,0,0,381,1,1,13,4,1,36,1,0,0,0,0,11,4,4,3,8,0,0,87,5,12,102,26,9,134,16,5,0,0,4,45,16,10,18,66,0,0,468
10/14/2020,6,9,88,19,8,99,15,5,0,0,6,34,13,4,15,56,0,0,377,1,1,11,2,1,35,1,0,0,0,0,10,5,4,2,10,0,0,83,7,10,99,21,9,134,16,5,0,0,6,44,18,8,17,66,0,0,460
10/13/2020,6,10,83,19,6,101,14,5,0,0,8,35,17,2,16,53,0,0,375,3,0,9,2,1,31,1,0,0,0,0,12,3,4,3,11,0,0,80,9,10,92,21,7,132,15,5,0,0,8,47,20,6,19,64,0,0,455
10/12/2020,6,9,83,17,4,92,12,4,0,0,6,42,15,3,14,44,0,0,351,3,0,8,3,1,35,1,0,0,0,0,12,3,4,3,12,0,0,85,9,9,91,20,5,127,13,4,0,0,6,54,18,7,17,56,0,0,436
10/11/2020,6,8,82,17,4,96,10,4,0,0,7,37,16,2,15,46,0,0,350,2,0,7,3,1,32,3,0,0,0,0,11,3,4,1,8,0,0,75,8,8,89,20,5,128,13,4,0,0,7,48,19,6,16,54,0,0,425
10/10/2020,6,4,82,10,4,89,11,4,0,0,6,36,17,3,16,47,0,0,335,1,0,7,4,1,30,3,0,0,0,0,10,5,3,1,7,0,0,72,7,4,89,14,5,119,14,4,0,0,6,46,22,6,17,54,0,0,407
10/09/2020,6,3,78,9,4,90,10,5,0,0,8,39,21,2,13,54,0,0,342,1,0,12,3,1,30,3,0,0,0,0,8,5,3,0,7,0,0,73,7,3,90,12,5,120,13,5,0,0,8,47,26,5,13,61,0,0,415
10/08/2020,7,1,82,9,5,102,11,5,0,0,3,30,17,2,11,52,0,0,337,0,0,12,2,2,27,3,0,0,0,0,5,5,3,0,8,0,0,67,7,1,94,11,7,129,14,5,0,0,3,35,22,5,11,60,0,0,404
10/07/2020,8,1,77,6,6,104,14,5,0,0,2,28,15,3,12,50,0,0,331,0,0,13,2,1,28,3,0,0,0,0,6,4,3,0,8,0,0,68,8,1,90,8,7,132,17,5,0,0,2,34,19,6,12,58,0,0,399
10/06/2020,9,1,70,7,6,104,13,5,0,0,3,28,16,0,11,49,0,0,322,0,0,11,1,2,25,4,0,0,0,0,6,4,3,0,6,0,0,62,9,1,81,8,8,129,17,5,0,0,3,34,20,3,11,55,0,0,384
10/05/2020,13,1,73,5,5,96,12,4,0,0,3,31,17,0,12,38,0,0,310,0,0,9,2,1,26,4,0,0,0,0,6,5,3,0,11,0,0,67,13,1,82,7,6,122,16,4,0,0,3,37,22,3,12,49,0,0,377
10/04/2020,16,1,70,4,3,88,11,4,0,0,1,30,17,1,9,25,0,0,280,0,0,9,1,1,21,4,0,0,0,0,7,5,2,0,12,0,0,62,16,1,79,5,4,109,15,4,0,0,1,37,22,3,9,37,0,0,342
10/03/2020,11,1,61,4,3,72,14,4,0,0,1,29,16,2,9,24,0,0,251,0,0,13,1,1,23,2,0,0,0,0,7,4,1,0,12,0,0,64,11,1,74,5,4,95,16,4,0,0,1,36,20,3,9,36,0,0,315
10/02/2020,9,0,54,4,4,77,13,4,0,0,1,33,15,2,8,23,0,0,247,0,0,13,2,1,22,2,0,0,0,0,6,2,0,0,12,0,0,60,9,0,67,6,5,99,15,4,0,0,1,39,17,2,8,35,0,0,307
10/01/2020,8,0,48,1,7,75,13,4,0,0,1,31,14,0,10,24,0,0,236,0,0,11,0,0,20,1,0,0,0,0,6,1,1,0,9,0,0,49,8,0,59,1,7,95,14,4,0,0,1,37,15,1,10,33,0,0,285
09/30/2020,6,0,53,2,4,61,9,4,0,0,0,24,15,0,15,24,0,0,217,0,0,11,0,0,20,1,0,0,0,0,8,0,1,0,5,0,0,46,6,0,64,2,4,81,10,4,0,0,0,32,15,1,15,29,0,0,263
09/29/2020,8,0,54,2,7,56,7,3,0,0,0,18,22,1,13,18,0,0,209,0,0,11,0,0,20,1,0,0,0,0,6,0,1,0,4,0,0,43,8,0,65,2,7,76,8,3,0,0,0,24,22,2,13,22,0,0,252
09/28/2020,5,0,50,3,7,54,5,2,0,0,0,17,25,0,10,22,0,0,200,0,0,10,0,1,16,1,0,0,0,0,6,0,1,0,6,0,0,41,5,0,60,3,8,70,6,2,0,0,0,23,25,1,10,28,0,0,241
09/27/2020,3,0,48,4,2,44,3,2,0,0,1,14,23,0,7,20,0,0,171,0,0,7,0,0,17,1,0,0,0,0,4,0,1,0,7,0,0,37,3,0,55,4,2,61,4,2,0,0,1,18,23,1,7,27,0,0,208
09/26/2020,3,0,49,3,2,45,3,2,0,0,0,14,24,1,7,19,0,0,172,0,0,8,0,0,17,1,0,0,0,0,5,0,2,0,8,0,0,41,3,0,57,3,2,62,4,2,0,0,0,19,24,3,7,27,0,0,213
09/25/2020,3,0,49,3,2,52,3,2,0,0,0,14,22,2,7,13,0,0,172,0,0,9,0,0,18,1,0,0,0,0,4,0,2,0,11,0,0,45,3,0,58,3,2,70,4,2,0,0,0,18,22,4,7,24,0,0,217
09/24/2020,3,0,51,3,1,48,5,2,0,0,0,12,22,2,8,9,0,0,166,0,0,6,0,0,14,1,0,0,0,0,5,0,2,0,5,0,0,33,3,0,57,3,1,62,6,2,0,0,0,17,22,4,8,14,0,0,199
09/23/2020,1,0,46,0,1,45,6,0,0,0,0,12,23,2,9,8,0,0,153,0,0,6,0,0,12,1,0,0,0,0,4,0,2,0,6,0,0,31,1,0,52,0,1,57,7,0,0,0,0,16,23,4,9,14,0,0,184
09/22/2020,1,0,40,0,1,46,6,0,0,0,0,10,21,0,12,8,0,0,145,0,0,5,0,0,12,1,0,0,0,0,5,1,2,0,4,0,0,30,1,0,45,0,1,58,7,0,0,0,0,15,22,2,12,12,0,0,175
09/21/2020,1,0,36,0,2,45,7,0,0,0,0,8,19,0,11,8,0,0,137,0,0,4,0,0,12,1,0,0,0,0,4,1,2,0,4,0,0,28,1,0,40,0,2,57,8,0,0,0,0,12,20,2,11,12,0,0,165
09/20/2020,1,0,31,0,1,41,6,0,0,0,0,6,13,0,10,6,0,0,115,0,0,4,0,0,15,1,0,0,0,0,4,1,2,0,3,0,0,30,1,0,35,0,1,56,7,0,0,0,0,10,14,2,10,9,0,0,145
09/19/2020,0,0,25,0,1,40,3,0,0,0,0,7,11,0,10,7,0,0,104,0,0,4,0,0,14,2,0,0,0,0,4,2,1,0,4,0,0,31,0,0,29,0,1,54,5,0,0,0,0,11,13,1,10,11,0,0,135
09/18/2020,0,0,22,0,1,41,3,0,0,0,0,6,10,0,8,6,0,0,97,0,0,5,0,0,13,2,0,0,0,0,3,3,1,0,4,0,0,31,0,0,27,0,1,54,5,0,0,0,0,9,13,1,8,10,0,0,128
09/17/2020,0,0,26,0,1,41,2,0,0,0,0,6,10,0,10,7,0,0,103,0,0,5,0,0,14,2,0,0,0,0,2,3,1,0,3,0,0,30,0,0,31,0,1,55,4,0,0,0,0,8,13,1,10,10,0,0,133
09/16/2020,0,0,30,0,0,42,2,0,0,0,0,6,10,0,10,4,0,0,104,0,0,5,0,0,14,2,0,0,0,0,1,3,1,0,3,0,0,29,0,0,35,0,0,56,4,0,0,0,0,7,13,1,10,7,0,0,133
09/15/2020,0,0,31,0,0,42,1,0,0,0,0,2,10,0,11,4,0,0,101,0,0,5,0,0,12,2,0,0,0,0,0,3,2,0,2,0,0,26,0,0,36,0,0,54,3,0,0,0,0,2,13,2,11,6,0,0,127
09/14/2020,0,1,33,0,0,43,2,0,0,0,0,2,11,0,11,4,0,0,107,0,0,5,0,0,11,1,0,0,0,0,0,3,1,0,2,0,0,23,0,1,38,0,0,54,3,0,0,0,0,2,14,1,11,6,0,0,130
09/13/2020,0,1,28,0,1,38,2,0,0,0,0,1,11,0,15,5,0,0,102,0,0,4,0,0,11,1,0,0,0,0,0,3,0,0,0,0,0,19,0,1,32,0,1,49,3,0,0,0,0,1,14,0,15,5,0,0,121
09/12/2020,0,1,25,0,1,40,1,0,0,0,0,2,11,1,14,6,0,0,102,0,0,5,0,0,10,1,0,0,0,0,0,3,0,0,0,0,0,19,0,1,30,0,1,50,2,0,0,0,0,2,14,1,14,6,0,0,121
09/11/2020,0,1,27,0,3,40,1,0,0,0,0,1,12,1,14,6,0,0,106,0,0,4,0,0,9,1,0,0,0,0,0,2,0,0,0,0,0,16,0,1,31,0,3,49,2,0,0,0,0,1,14,1,14,6,0,0,122
09/10/2020,0,1,24,0,3,43,3,0,0,0,0,1,12,1,14,6,0,0,108,0,0,2,0,0,6,1,0,0,0,0,0,2,0,0,1,0,0,12,0,1,26,0,3,49,4,0,0,0,0,1,14,1,14,7,0,0,120
09/09/2020,0,1,23,0,2,44,3,0,0,0,0,0,10,1,14,6,0,0,104,0,0,1,0,0,7,1,0,0,0,0,0,2,0,0,1,0,0,12,0,1,24,0,2,51,4,0,0,0,0,0,12,1,14,7,0,0,116
09/08/2020,0,1,20,0,1,42,3,0,0,0,0,0,8,0,14,7,0,0,96,0,0,2,0,0,7,1,0,0,0,0,0,2,1,0,1,0,0,14,0,1,22,0,1,49,4,0,0,0,0,0,10,1,14,8,0,0,110
09/07/2020,0,2,18,0,0,34,4,0,0,0,0,0,8,1,13,7,0,0,87,0,0,2,0,1,7,1,0,0,0,0,0,2,1,0,1,0,0,15,0,2,20,0,1,41,5,0,0,0,0,0,10,2,13,8,0,0,102
09/06/2020,0,2,15,0,0,34,3,0,0,0,0,0,9,1,13,7,0,0,84,0,0,2,0,1,8,1,0,0,0,0,0,2,1,0,3,0,0,18,0,2,17,0,1,42,4,0,0,0,0,0,11,2,13,10,0,0,102
09/05/2020,0,0,14,0,0,33,3,0,0,0,0,0,10,1,13,7,0,0,81,0,0,1,0,2,8,1,0,0,0,0,0,2,1,0,3,0,0,18,0,0,15,0,2,41,4,0,0,0,0,0,12,2,13,10,0,0,99
09/04/2020,0,0,9,0,0,31,2,0,0,0,0,0,11,1,14,6,0,0,74,0,0,0,0,2,9,1,0,0,0,0,0,2,0,0,3,0,0,17,0,0,9,0,2,40,3,0,0,0,0,0,13,1,14,9,0,0,91
09/03/2020,0,0,9,0,1,35,3,0,0,0,0,0,13,1,13,6,0,0,81,0,0,0,0,1,10,1,0,0,0,0,0,1,0,0,5,0,0,18,0,0,9,0,2,45,4,0,0,0,0,0,14,1,13,11,0,0,99
09/02/2020,0,0,6,0,1,34,3,0,0,0,0,1,11,1,15,5,0,0,77,0,0,0,0,1,11,1,0,0,0,0,0,1,1,1,4,0,0,20,0,0,6,0,2,45,4,0,0,0,0,1,12,2,16,9,0,0,97
09/01/2020,0,0,5,0,1,37,4,0,0,0,0,1,12,1,20,5,0,0,86,0,0,0,0,1,11,1,0,0,0,0,0,1,1,1,4,0,0,20,0,0,5,0,2,48,5,0,0,0,0,1,13,2,21,9,0,0,106
08/31/2020,0,0,4,0,0,38,4,0,0,0,0,1,11,2,22,8,0,0,90,0,0,0,0,2,11,1,0,0,0,0,0,1,0,1,4,0,0,20,0,0,4,0,2,49,5,0,0,0,0,1,12,2,23,12,0,0,110
08/30/2020,0,0,5,0,0,42,4,0,0,0,0,0,12,2,19,10,0,0,94,0,0,0,0,1,10,1,0,0,0,0,1,1,0,1,3,0,0,18,0,0,5,0,1,52,5,0,0,0,0,1,13,2,20,13,0,0,112
08/29/2020,0,0,3,0,0,45,4,0,0,0,0,0,14,3,21,10,0,0,100,0,0,0,0,1,9,1,0,0,0,0,1,0,0,1,3,0,0,16,0,0,3,0,1,54,5,0,0,0,0,1,14,3,22,13,0,0,116
08/28/2020,0,0,3,1,0,44,4,0,0,0,0,0,15,3,20,10,0,0,100,0,0,0,0,1,9,1,0,0,0,0,0,0,0,2,4,0,0,17,0,0,3,1,1,53,5,0,0,0,0,0,15,3,22,14,0,0,117
08/27/2020,0,0,3,1,0,47,4,0,0,0,0,0,14,3,19,9,0,0,100,0,0,0,0,2,7,1,0,0,0,0,0,0,0,2,5,0,0,17,0,0,3,1,2,54,5,0,0,0,0,0,14,3,21,14,0,0,117
08/26/2020,0,0,3,0,0,49,5,0,0,0,0,0,13,2,19,9,0,0,100,0,0,0,0,2,7,0,0,0,0,0,0,0,0,2,4,0,0,15,0,0,3,0,2,56,5,0,0,0,0,0,13,2,21,13,0,0,115
08/25/2020,0,0,3,0,0,50,4,0,0,0,0,0,9,2,19,11,0,0,98,0,0,0,0,0,6,0,0,0,0,0,0,0,0,2,4,0,0,12,0,0,3,0,0,56,4,0,0,0,0,0,9,2,21,15,0,0,110
08/24/2020,0,0,3,0,0,52,4,0,0,0,0,0,9,3,23,12,0,0,106,0,0,0,0,0,6,0,0,0,0,0,0,0,0,2,4,0,0,12,0,0,3,0,0,58,4,0,0,0,0,0,9,3,25,16,0,0,118
08/23/2020,0,0,3,0,0,51,3,0,0,0,0,0,9,3,24,10,0,0,103,0,0,0,0,0,6,0,0,0,0,0,0,0,0,2,4,0,0,12,0,0,3,0,0,57,3,0,0,0,0,0,9,3,26,14,0,0,115
08/22/2020,0,0,3,0,0,49,3,0,0,0,0,0,9,3,26,10,0,0,103,0,0,0,0,0,7,0,0,0,0,0,0,0,0,2,5,0,0,14,0,0,3,0,0,56,3,0,0,0,0,0,9,3,28,15,0,0,117
08/21/2020,0,0,3,0,0,52,4,0,0,0,0,0,9,3,27,10,0,0,108,0,0,0,0,0,7,0,0,0,0,0,0,0,1,2,6,0,0,16,0,0,3,0,0,59,4,0,0,0,0,0,9,4,29,16,0,0,124
08/20/2020,0,0,5,0,0,52,1,0,0,0,0,0,11,2,29,13,0,0,113,0,0,0,0,0,7,4,0,0,0,0,0,0,2,2,8,0,0,23,0,0,5,0,0,59,5,0,0,0,0,0,11,4,31,21,0,0,136
08/19/2020,0,0,5,0,1,56,1,0,0,0,0,0,11,2,31,14,0,0,121,0,0,0,0,0,8,4,0,0,0,0,0,0,2,2,9,0,0,25,0,0,5,0,1,64,5,0,0,0,0,0,11,4,33,23,0,0,146
08/18/2020,0,0,7,0,1,55,1,0,0,0,0,0,11,2,30,13,0,0,120,0,0,0,0,0,9,4,0,0,0,0,0,0,2,2,9,0,0,26,0,0,7,0,1,64,5,0,0,0,0,0,11,4,32,22,0,0,146
08/17/2020,0,0,4,1,1,53,2,0,0,0,0,0,12,2,29,14,0,0,118,0,0,0,0,0,10,3,0,0,0,0,0,1,2,2,9,0,0,27,0,0,4,1,1,63,5,0,0,0,0,0,13,4,31,23,0,0,145
08/16/2020,0,0,6,1,1,51,2,0,0,0,0,0,11,2,31,15,0,0,120,0,0,0,0,0,10,3,0,0,0,0,0,1,3,2,6,0,0,25,0,0,6,1,1,61,5,0,0,0,0,0,12,5,33,21,0,0,145
08/15/2020,0,0,6,1,1,55,2,0,0,0,0,0,11,3,32,13,0,0,124,0,0,0,0,0,10,3,0,0,0,0,0,1,3,2,6,0,0,25,0,0,6,1,1,65,5,0,0,0,0,0,12,6,34,19,0,0,149
08/14/2020,0,0,6,1,1,58,2,0,0,0,0,0,10,3,30,13,0,0,124,0,0,0,0,0,10,3,0,0,0,0,0,1,3,2,6,0,0,25,0,0,6,1,1,68,5,0,0,0,0,0,11,6,32,19,0,0,149
08/13/2020,0,0,4,1,0,61,2,0,0,0,0,0,12,4,29,13,0,0,126,0,0,1,0,0,9,3,0,0,0,0,0,1,3,2,6,0,0,25,0,0,5,1,0,70,5,0,0,0,0,0,13,7,31,19,0,0,151
08/12/2020,0,0,4,1,0,59,2,0,0,0,0,0,11,3,31,15,0,0,126,0,0,1,0,0,7,3,0,0,0,0,0,1,3,2,6,0,0,23,0,0,5,1,0,66,5,0,0,0,0,0,12,6,33,21,0,0,149
08/11/2020,0,1,4,1,0,62,2,0,0,0,0,0,10,3,33,15,0,0,131,0,0,1,0,0,7,2,0,0,0,0,0,1,3,2,4,0,0,20,0,1,5,1,0,69,4,0,0,0,0,0,11,6,35,19,0,0,151
08/10/2020,0,1,3,1,0,58,3,0,0,0,0,0,10,4,32,18,0,0,130,0,0,0,0,0,10,2,0,0,0,0,0,1,3,3,2,0,0,21,0,1,3,1,0,68,5,0,0,0,0,0,11,7,35,20,0,0,151
08/09/2020,0,1,4,1,0,60,3,0,0,0,0,1,9,4,34,19,0,0,136,0,0,0,0,0,9,2,0,0,0,0,0,1,3,4,2,0,0,21,0,1,4,1,0,69,5,0,0,0,0,1,10,7,38,21,0,0,157
08/08/2020,0,1,4,1,0,60,2,0,0,0,0,1,7,2,38,18,0,0,134,0,0,0,0,0,9,2,0,0,0,0,0,1,4,4,2,0,0,22,0,1,4,1,0,69,4,0,0,0,0,1,8,6,42,20,0,0,156
08/07/2020,0,1,3,1,0,59,2,0,0,0,0,1,7,2,36,20,0,0,132,0,0,0,0,0,9,2,0,0,0,0,0,1,3,4,4,0,0,23,0,1,3,1,0,68,4,0,0,0,0,1,8,5,40,24,0,0,155
08/06/2020,0,1,3,1,0,59,2,0,0,0,1,1,8,2,35,20,0,0,133,0,0,0,0,0,9,1,0,0,0,0,0,1,2,3,3,0,0,19,0,1,3,1,0,68,3,0,0,0,1,1,9,4,38,23,0,0,152
08/05/2020,0,2,5,1,1,64,2,0,0,0,1,1,9,2,36,22,0,0,146,0,0,0,0,0,9,1,0,0,0,0,0,1,2,3,3,0,0,19,0,2,5,1,1,73,3,0,0,0,1,1,10,4,39,25,0,0,165
08/04/2020,0,2,5,2,1,66,3,0,0,0,0,1,9,2,35,22,0,0,148,0,0,0,0,0,9,1,0,0,0,0,0,1,2,3,3,0,0,19,0,2,5,2,1,75,4,0,0,0,0,1,10,4,38,25,0,0,167
08/03/2020,0,2,5,2,1,66,5,0,0,0,0,0,10,2,36,19,0,0,148,0,0,0,0,0,10,1,0,0,0,0,0,2,2,3,3,0,0,21,0,2,5,2,1,76,6,0,0,0,0,0,12,4,39,22,0,0,169
08/02/2020,0,2,5,1,1,65,5,0,0,0,0,0,10,2,34,29,0,0,154,0,0,0,0,0,8,1,0,0,0,0,0,2,2,3,2,0,0,18,0,2,5,1,1,73,6,0,0,0,0,0,12,4,37,31,0,0,172
08/01/2020,0,2,4,1,1,67,5,0,0,0,0,0,10,2,33,30,0,0,155,0,0,0,0,0,8,1,0,0,0,0,0,2,2,3,1,0,0,17,0,2,4,1,1,75,6,0,0,0,0,0,12,4,36,31,0,0,172
07/31/2020,0,2,4,1,1,66,5,0,0,0,0,0,10,2,36,32,0,0,159,0,0,0,0,0,9,1,0,0,0,0,0,2,2,3,1,0,0,18,0,2,4,1,1,75,6,0,0,0,0,0,12,4,39,33,0,0,177
07/30/2020,0,2,4,1,1,74,5,0,0,0,0,0,10,3,40,34,0,0,174,0,0,0,0,0,7,1,0,0,0,0,0,2,2,2,1,0,0,15,0,2,4,1,1,81,6,0,0,0,0,0,12,5,42,35,0,0,189
07/29/2020,0,2,4,1,1,83,5,0,0,0,0,0,4,3,52,35,0,0,190,0,0,0,0,0,6,1,0,0,0,0,0,7,1,1,2,0,0,18,0,2,4,1,1,89,6,0,0,0,0,0,11,4,53,37,0,0,208
07/28/2020,0,2,3,2,1,82,4,0,0,0,0,0,9,3,40,35,0,0,181,0,0,0,0,0,6,0,0,0,0,0,0,1,1,1,0,0,0,9,0,2,3,2,1,88,4,0,0,0,0,0,10,4,41,35,0,0,190
07/27/2020,0,2,2,2,1,87,4,0,0,0,0,1,10,4,35,37,0,0,185,0,0,0,0,0,5,0,0,0,0,0,0,1,1,1,0,0,0,8,0,2,2,2,1,92,4,0,0,0,0,1,11,5,36,37,0,0,193
07/26/2020,0,2,2,2,1,93,4,0,0,0,0,1,10,5,36,37,0,0,193,0,0,0,0,0,5,0,0,0,0,0,0,0,1,1,0,0,0,7,0,2,2,2,1,98,4,0,0,0,0,1,10,6,37,37,0,0,200
07/25/2020,0,2,2,2,1,93,4,0,0,0,0,0,9,5,33,36,0,0,187,0,0,0,0,0,7,0,0,0,0,0,0,0,1,1,1,0,0,10,0,2,2,2,1,100,4,0,0,0,0,0,9,6,34,37,0,0,197
07/24/2020,0,2,2,2,1,98,4,0,0,0,0,0,10,5,34,36,0,0,194,0,0,0,0,0,9,0,0,0,0,0,0,0,1,1,1,0,0,12,0,2,2,2,1,107,4,0,0,0,0,0,10,6,35,37,0,0,206
07/23/2020,0,2,2,2,1,106,4,0,0,0,0,0,10,5,35,41,0,0,208,0,0,0,0,0,9,0,0,0,0,0,0,0,1,1,1,0,0,12,0,2,2,2,1,115,4,0,0,0,0,0,10,6,36,42,0,0,220
07/22/2020,0,2,2,2,1,104,4,0,0,0,0,0,10,5,34,43,0,0,207,0,0,0,0,0,10,0,0,0,0,0,0,0,1,2,1,0,0,14,0,2,2,2,1,114,4,0,0,0,0,0,10,6,36,44,0,0,221
07/21/2020,0,2,2,2,1,110,5,0,0,0,0,0,12,5,35,45,0,0,219,0,0,0,0,0,12,0,0,0,0,0,0,0,1,2,1,0,0,16,0,2,2,2,1,122,5,0,0,0,0,0,12,6,37,46,0,0,235
07/20/2020,0,2,2,3,1,115,5,0,0,0,0,0,13,5,36,50,0,0,232,0,0,0,0,0,11,0,0,0,0,0,0,0,1,2,1,0,0,15,0,2,2,3,1,126,5,0,0,0,0,0,13,6,38,51,0,0,247
07/19/2020,0,2,2,3,1,113,6,0,0,0,0,0,15,5,36,51,0,0,234,0,0,0,0,0,12,0,0,0,0,0,0,0,1,3,1,0,0,17,0,2,2,3,1,125,6,0,0,0,0,0,15,6,39,52,0,0,251
07/18/2020,0,4,2,3,1,113,5,0,0,0,0,0,15,5,35,50,0,0,233,0,0,0,0,0,12,1,0,0,0,0,0,0,1,3,1,0,0,18,0,4,2,3,1,125,6,0,0,0,0,0,15,6,38,51,0,0,251
07/17/2020,0,4,3,3,1,116,5,0,0,0,0,0,14,5,34,48,0,0,233,0,0,0,0,0,10,1,0,0,0,0,0,0,1,2,1,0,0,15,0,4,3,3,1,126,6,0,0,0,0,0,14,6,36,49,0,0,248
07/16/2020,0,5,3,5,1,118,6,0,0,0,0,0,15,6,35,50,0,0,244,0,0,0,0,0,10,1,0,0,0,0,0,0,1,2,2,0,0,16,0,5,3,5,1,128,7,0,0,0,0,0,15,7,37,52,0,0,260
07/15/2020,0,5,5,8,2,119,7,0,0,0,0,0,15,6,39,51,0,0,257,0,0,0,0,0,14,1,0,0,0,0,0,0,1,2,2,0,0,20,0,5,5,8,2,133,8,0,0,0,0,0,15,7,41,53,0,0,277
07/14/2020,0,3,6,8,4,125,7,0,0,0,0,0,15,6,39,52,0,0,265,0,1,0,0,0,13,1,0,0,0,0,0,0,1,2,2,0,0,20,0,4,6,8,4,138,8,0,0,0,0,0,15,7,41,54,0,0,285
07/13/2020,0,3,7,9,3,131,7,0,0,0,0,0,16,7,38,53,0,0,274,0,1,0,1,0,13,1,0,0,0,0,0,0,0,3,2,0,0,21,0,4,7,10,3,144,8,0,0,0,0,0,16,7,41,55,0,0,295
07/12/2020,0,4,7,10,3,134,7,0,0,0,0,0,17,7,38,57,0,0,284,0,0,0,1,0,14,1,0,0,0,0,0,0,0,3,2,0,0,21,0,4,7,11,3,148,8,0,0,0,0,0,17,7,41,59,0,0,305
07/11/2020,0,2,8,11,3,136,7,0,0,0,0,0,17,6,38,58,0,0,286,0,0,0,0,0,14,1,0,0,0,0,0,0,0,4,1,0,0,20,0,2,8,11,3,150,8,0,0,0,0,0,17,6,42,59,0,0,306
07/10/2020,0,3,8,7,3,139,6,0,0,0,0,0,20,6,38,61,0,0,291,0,0,0,1,0,15,1,0,0,0,0,0,0,0,4,1,0,0,22,0,3,8,8,3,154,7,0,0,0,0,0,20,6,42,62,0,0,313
07/09/2020,0,3,9,6,3,139,6,0,0,0,0,0,19,6,45,57,0,0,293,0,0,0,1,0,16,1,0,0,0,0,0,0,0,4,2,0,0,24,0,3,9,7,3,155,7,0,0,0,0,0,19,6,49,59,0,0,317
07/08/2020,0,3,10,6,3,142,4,0,0,0,0,0,21,6,41,45,0,0,281,0,0,0,1,0,17,1,0,0,0,0,0,0,0,5,3,0,0,27,0,3,10,7,3,159,5,0,0,0,0,0,21,6,46,48,0,0,308
07/07/2020,0,3,10,6,3,155,2,0,0,0,0,0,22,6,43,54,0,0,304,0,0,0,1,0,18,1,0,0,0,0,0,0,0,5,2,0,0,27,0,3,10,7,3,173,3,0,0,0,0,0,22,6,48,56,0,0,331
07/06/2020,0,2,10,6,3,163,3,0,0,0,0,0,23,6,42,63,0,0,321,0,0,0,1,0,18,1,0,0,0,0,0,0,0,4,2,0,0,26,0,2,10,7,3,181,4,0,0,0,0,0,23,6,46,65,0,0,347
07/05/2020,0,2,10,6,4,176,4,0,0,0,0,1,25,6,43,75,0,0,352,0,0,0,1,0,19,1,0,0,0,0,0,0,0,3,1,0,0,25,0,2,10,7,4,195,5,0,0,0,0,1,25,6,46,76,0,0,377
07/04/2020,0,0,10,6,4,174,5,0,0,0,0,1,25,6,40,74,0,0,345,0,0,0,1,0,20,1,0,0,0,0,0,0,0,3,1,0,0,26,0,0,10,7,4,194,6,0,0,0,0,1,25,6,43,75,0,0,371
07/03/2020,0,0,8,6,2,177,5,0,0,0,0,2,26,6,42,74,0,0,348,0,0,0,1,0,21,1,0,0,0,0,0,0,0,3,1,0,0,27,0,0,8,7,2,198,6,0,0,0,0,2,26,6,45,75,0,0,375
07/02/2020,1,0,8,6,2,178,5,0,0,0,0,2,28,6,46,79,0,0,361,0,0,0,1,0,23,1,0,0,0,0,0,0,0,4,2,0,0,31,1,0,8,7,2,201,6,0,0,0,0,2,28,6,50,81,0,0,392
07/01/2020,1,0,8,6,2,181,5,0,0,0,0,2,31,7,49,87,0,0,379,0,0,0,1,0,22,1,0,0,0,0,0,2,0,5,1,0,0,32,1,0,8,7,2,203,6,0,0,0,0,2,33,7,54,88,0,0,411
06/30/2020,1,0,8,7,2,188,5,0,0,0,0,2,32,7,48,89,0,0,389,0,0,0,1,0,23,1,0,0,0,0,0,2,0,5,1,0,0,33,1,0,8,8,2,211,6,0,0,0,0,2,34,7,53,90,0,0,422
06/29/2020,2,0,8,6,2,193,5,0,0,0,0,2,31,6,50,92,0,0,397,0,0,0,2,0,28,1,0,0,0,0,0,2,1,4,0,0,0,38,2,0,8,8,2,221,6,0,0,0,0,2,33,7,54,92,0,0,435
06/28/2020,2,0,7,7,1,202,6,0,0,0,0,2,29,5,53,96,0,0,410,0,0,1,1,0,33,1,0,0,0,0,0,2,1,5,1,0,0,45,2,0,8,8,1,235,7,0,0,0,0,2,31,6,58,97,0,0,455
06/27/2020,2,0,7,7,1,203,6,0,0,0,1,2,29,5,51,98,0,0,412,0,0,1,1,0,33,1,0,0,0,0,0,2,1,3,1,0,0,43,2,0,8,8,1,236,7,0,0,0,1,2,31,6,54,99,0,0,455
06/26/2020,1,0,7,7,1,198,6,0,0,0,1,2,29,5,52,104,0,0,413,0,0,1,1,0,34,1,0,0,0,0,0,1,1,4,2,0,0,45,1,0,8,8,1,232,7,0,0,0,1,2,30,6,56,106,0,0,458
06/25/2020,1,0,8,6,1,216,6,0,0,0,0,2,28,5,51,106,0,0,430,0,0,1,2,0,34,1,0,0,0,0,0,2,1,5,2,0,0,48,1,0,9,8,1,250,7,0,0,0,0,2,30,6,56,108,0,0,478
06/24/2020,1,0,8,8,1,220,6,0,0,0,0,2,31,5,48,107,0,0,437,0,0,1,2,0,35,1,0,0,0,0,0,2,1,5,3,0,0,50,1,0,9,10,1,255,7,0,0,0,0,2,33,6,53,110,0,0,487
06/23/2020,1,0,8,8,1,233,6,0,0,0,0,2,30,5,47,107,0,0,448,0,0,1,2,0,36,1,0,0,0,0,0,3,1,5,3,0,0,52,1,0,9,10,1,269,7,0,0,0,0,2,33,6,52,110,0,0,500
06/22/2020,1,0,8,10,2,235,7,1,0,0,0,2,32,5,47,109,0,0,459,0,0,1,0,0,38,1,0,0,0,0,0,4,1,4,7,0,0,56,1,0,9,10,2,273,8,1,0,0,0,2,36,6,51,116,0,0,515
06/21/2020,1,0,7,10,1,248,7,0,0,0,0,1,30,4,49,105,0,0,463,0,0,1,1,0,38,1,0,0,0,0,1,3,2,3,7,0,0,57,1,0,8,11,1,286,8,0,0,0,0,2,33,6,52,112,0,0,520
06/20/2020,1,0,7,10,1,246,9,0,0,0,0,1,32,6,47,100,0,0,460,0,0,1,3,0,39,1,0,0,0,0,1,3,2,3,8,0,0,61,1,0,8,13,1,285,10,0,0,0,0,2,35,8,50,108,0,0,521
06/19/2020,0,0,8,10,1,252,9,0,0,0,0,1,32,6,45,103,0,0,467,0,0,1,3,0,40,1,0,0,0,0,1,3,2,3,8,0,0,62,0,0,9,13,1,292,10,0,0,0,0,2,35,8,48,111,0,0,529
06/18/2020,0,0,9,13,1,282,11,0,0,0,0,1,29,7,50,109,0,0,512,0,0,1,3,0,40,1,0,0,0,0,1,4,2,3,7,0,0,62,0,0,10,16,1,322,12,0,0,0,0,2,33,9,53,116,0,0,574
06/17/2020,0,0,11,14,1,328,11,0,0,0,0,1,46,8,45,107,0,0,572,0,0,2,3,0,43,1,0,0,0,0,1,4,2,3,6,0,0,65,0,0,13,17,1,371,12,0,0,0,0,2,50,10,48,113,0,0,637
06/16/2020,0,0,12,16,1,352,11,0,0,0,0,2,54,11,47,112,0,0,618,0,0,3,3,0,47,2,0,0,0,0,1,5,3,3,5,0,0,72,0,0,15,19,1,399,13,0,0,0,0,3,59,14,50,117,0,0,690
06/15/2020,0,0,12,15,2,377,12,0,0,0,0,2,54,12,44,111,0,0,641,0,0,2,3,0,50,2,0,0,0,0,1,6,3,4,6,0,0,77,0,0,14,18,2,427,14,0,0,0,0,3,60,15,48,117,0,0,718
06/14/2020,0,0,13,17,2,411,13,0,0,0,0,2,55,11,48,117,0,0,689,0,0,2,3,0,52,2,0,0,0,0,1,7,4,4,7,0,0,82,0,0,15,20,2,463,15,0,0,0,0,3,62,15,52,124,0,0,771
06/13/2020,0,0,12,17,2,415,12,0,0,0,0,2,55,11,40,118,0,0,684,0,0,3,3,0,53,2,0,0,0,0,1,7,4,5,7,0,0,85,0,0,15,20,2,468,14,0,0,0,0,3,62,15,45,125,0,0,769
06/12/2020,0,0,15,16,2,419,12,0,0,0,0,2,57,11,34,118,0,0,686,0,0,3,3,0,61,3,0,0,0,0,1,8,4,7,12,0,0,102,0,0,18,19,2,480,15,0,0,0,0,3,65,15,41,130,0,0,788
06/11/2020,0,0,22,16,2,457,13,0,0,0,0,2,57,12,37,115,0,0,733,0,0,2,3,0,64,3,0,0,0,0,1,8,6,8,12,0,0,107,0,0,24,19,2,521,16,0,0,0,0,3,65,18,45,127,0,0,840
06/10/2020,0,0,21,16,3,481,13,0,0,0,0,4,60,14,34,111,0,0,757,0,0,1,3,0,70,4,0,0,0,0,1,10,6,7,12,0,0,114,0,0,22,19,3,551,17,0,0,0,0,5,70,20,41,123,0,0,871
06/09/2020,0,0,22,17,4,514,13,0,0,0,0,4,63,12,33,115,0,0,797,0,0,1,3,0,72,4,0,0,0,0,1,11,8,8,9,0,0,117,0,0,23,20,4,586,17,0,0,0,0,5,74,20,41,124,0,0,914
06/08/2020,0,0,23,17,4,540,13,0,0,0,0,3,64,14,43,123,0,0,844,0,0,1,3,1,67,4,0,0,0,0,2,11,9,9,10,0,0,117,0,0,24,20,5,607,17,0,0,0,0,5,75,23,52,133,0,0,961
06/07/2020,0,0,24,17,4,547,13,0,0,0,0,4,63,14,44,127,0,0,857,0,0,1,4,1,68,4,0,0,0,0,2,12,8,9,10,0,0,119,0,0,25,21,5,615,17,0,0,0,0,6,75,22,53,137,0,0,976
06/06/2020,0,0,22,18,4,536,12,0,0,0,0,4,63,14,44,123,0,0,840,0,0,2,3,1,71,4,0,0,0,0,2,13,8,9,13,0,0,126,0,0,24,21,5,607,16,0,0,0,0,6,76,22,53,136,0,0,966
06/05/2020,0,0,21,19,4,536,13,0,0,0,0,4,68,14,46,124,0,0,849,0,0,2,3,1,71,4,0,0,0,0,2,13,7,9,15,0,0,127,0,0,23,22,5,607,17,0,0,0,0,6,81,21,55,139,0,0,976
06/04/2020,0,0,23,26,4,568,13,0,0,0,0,4,70,15,47,125,0,0,895,0,0,2,4,2,72,4,0,0,0,0,2,13,7,8,15,0,0,129,0,0,25,30,6,640,17,0,0,0,0,6,83,22,55,140,0,0,1024
06/03/2020,1,0,24,26,4,588,13,0,0,0,0,4,74,16,48,134,0,0,932,0,0,3,4,2,82,4,0,0,0,0,2,14,7,9,17,0,0,144,1,0,27,30,6,670,17,0,0,0,0,6,88,23,57,151,0,0,1076
06/02/2020,1,0,25,26,6,621,12,0,0,0,0,4,80,17,48,145,0,0,985,0,0,2,5,1,94,4,1,0,0,0,2,14,8,8,16,0,0,155,1,0,27,31,7,715,16,1,0,0,0,6,94,25,56,161,0,0,1140
06/01/2020,1,0,26,25,7,626,13,0,0,0,0,4,83,17,48,161,0,0,1011,0,0,4,5,1,91,4,1,0,0,0,2,17,10,8,15,0,0,158,1,0,30,30,8,717,17,1,0,0,0,6,100,27,56,176,0,0,1169
05/31/2020,1,0,27,31,9,622,12,0,0,0,0,4,88,17,48,160,0,0,1019,0,0,3,5,1,93,4,1,0,0,0,2,19,11,10,12,0,0,161,1,0,30,36,10,715,16,1,0,0,0,6,107,28,58,172,0,0,1180
05/30/2020,1,0,26,28,9,623,12,0,0,0,0,4,91,15,47,167,0,0,1023,0,0,4,6,1,100,4,1,0,0,0,2,17,12,10,13,0,0,170,1,0,30,34,10,723,16,1,0,0,0,6,108,27,57,180,0,0,1193
05/29/2020,1,0,24,30,9,629,11,0,0,0,0,3,89,16,48,167,0,0,1027,0,0,4,5,1,100,3,0,0,0,0,2,16,12,9,13,0,0,165,1,0,28,35,10,729,14,0,0,0,0,5,105,28,57,180,0,0,1192
05/28/2020,1,0,24,33,10,674,13,0,0,0,0,3,91,19,48,172,0,0,1088,0,0,4,5,1,101,3,0,0,0,0,2,16,13,10,16,0,0,171,1,0,28,38,11,775,16,0,0,0,0,5,107,32,58,188,0,0,1259
05/27/2020,2,0,26,38,14,708,14,0,0,0,1,4,89,22,52,180,0,0,1150,0,0,3,5,1,106,2,0,0,0,0,2,15,15,10,18,0,0,177,2,0,29,43,15,814,16,0,0,0,1,6,104,37,62,198,0,0,1327
05/26/2020,4,0,23,38,13,741,12,0,0,0,0,4,91,25,53,188,0,0,1192,0,0,3,5,1,109,2,0,0,0,0,2,14,17,11,18,0,0,182,4,0,26,43,14,850,14,0,0,0,0,6,105,42,64,206,0,0,1374
05/25/2020,4,0,27,39,14,757,12,0,0,0,0,4,95,28,50,190,0,0,1220,1,0,2,5,2,108,2,0,0,0,0,2,12,17,13,17,0,0,181,5,0,29,44,16,865,14,0,0,0,0,6,107,45,63,207,0,0,1401
05/24/2020,4,0,28,41,14,767,10,0,0,0,0,4,94,33,52,197,0,0,1244,1,0,2,5,2,109,2,0,0,0,0,2,11,16,13,16,0,0,179,5,0,30,46,16,876,12,0,0,0,0,6,105,49,65,213,0,0,1423
05/23/2020,5,0,27,40,14,782,11,0,0,0,0,4,93,33,54,199,0,0,1262,1,0,2,3,2,105,2,0,0,0,0,2,12,12,12,17,0,0,170,6,0,29,43,16,887,13,0,0,0,0,6,105,45,66,216,0,0,1432
05/22/2020,5,0,27,41,15,799,9,0,0,0,0,4,101,36,48,197,0,0,1282,0,0,2,2,2,108,2,0,0,0,0,2,11,9,11,18,0,0,167,5,0,29,43,17,907,11,0,0,0,0,6,112,45,59,215,0,0,1449
05/21/2020,4,0,26,46,19,815,9,0,0,0,0,3,95,41,49,198,0,0,1305,1,0,2,2,2,111,2,0,0,0,0,3,12,8,10,18,0,0,171,5,0,28,48,21,926,11,0,0,0,0,6,107,49,59,216,0,0,1476
05/20/2020,2,0,25,48,19,833,10,0,0,0,1,3,90,38,56,200,0,0,1325,0,0,3,2,2,115,2,0,0,0,0,3,13,9,9,17,0,0,175,2,0,28,50,21,948,12,0,0,0,1,6,103,47,65,217,0,0,1500
05/19/2020,2,0,23,47,22,855,9,0,0,0,0,4,96,37,65,199,0,0,1359,0,0,5,1,1,121,2,0,0,0,0,3,14,8,9,19,0,0,183,2,0,28,48,23,976,11,0,0,0,0,7,110,45,74,218,0,0,1542
05/18/2020,2,0,28,51,22,1058,11,0,0,0,0,5,110,38,64,210,0,0,1599,0,0,6,1,2,114,2,0,0,0,0,2,14,10,9,18,0,0,178,2,0,34,52,24,1172,13,0,0,0,0,7,124,48,73,228,0,0,1777
05/17/2020,2,0,29,52,22,1051,10,0,0,0,0,4,113,35,67,201,0,0,1586,0,0,6,1,2,114,1,0,0,0,0,2,12,11,8,19,0,0,176,2,0,35,53,24,1165,11,0,0,0,0,6,125,46,75,220,0,0,1762
05/16/2020,2,0,28,56,25,1044,10,0,0,0,0,3,114,35,65,198,0,0,1580,0,0,5,2,2,118,1,1,0,0,0,3,13,11,7,19,0,0,182,2,0,33,58,27,1162,11,1,0,0,0,6,127,46,72,217,0,0,1762
05/15/2020,2,0,34,58,22,1063,10,0,0,0,0,3,114,38,65,194,0,0,1603,0,0,4,2,3,122,1,1,0,0,0,3,14,10,9,16,0,0,185,2,0,38,60,25,1185,11,1,0,0,0,6,128,48,74,210,0,0,1788
05/14/2020,2,0,36,62,24,1069,9,1,0,0,0,3,121,40,66,194,0,0,1627,0,0,5,4,3,125,2,1,0,0,0,3,13,11,7,17,0,0,191,2,0,41,66,27,1194,11,2,0,0,0,6,134,51,73,211,0,0,1818
05/13/2020,2,0,38,62,26,1071,8,2,0,0,0,4,124,43,61,198,0,0,1639,0,0,5,3,2,129,2,0,0,0,0,3,13,9,8,16,0,0,190,2,0,43,65,28,1200,10,2,0,0,0,7,137,52,69,214,0,0,1829
05/12/2020,2,0,35,60,27,1103,10,1,0,0,0,4,125,44,62,199,0,0,1672,0,0,5,3,2,131,2,0,0,0,0,3,13,9,8,18,0,0,194,2,0,40,63,29,1234,12,1,0,0,0,7,138,53,70,217,0,0,1866
05/11/2020,3,0,32,62,27,1077,9,1,0,0,0,5,119,49,61,205,0,0,1650,0,0,6,3,2,121,2,0,0,0,0,3,12,8,8,19,0,0,184,3,0,38,65,29,1198,11,1,0,0,0,8,131,57,69,224,0,0,1834
05/10/2020,3,0,33,61,27,1074,8,1,0,0,0,4,120,50,59,200,0,0,1640,0,0,6,4,2,127,2,0,0,0,0,3,14,8,6,20,0,0,192,3,0,39,65,29,1201,10,1,0,0,0,7,134,58,65,220,0,0,1832
05/09/2020,3,0,30,58,28,1065,7,1,0,0,0,4,127,45,57,202,0,0,1627,0,0,7,4,3,125,2,0,0,0,0,3,15,10,6,23,0,0,198,3,0,37,62,31,1190,9,1,0,0,0,7,142,55,63,225,0,0,1825
05/08/2020,2,1,29,59,28,1062,7,2,0,0,0,3,124,48,58,200,0,0,1623,0,0,6,4,3,132,2,0,0,0,0,4,15,10,6,21,0,0,203,2,1,35,63,31,1194,9,2,0,0,0,7,139,58,64,221,0,0,1826
05/07/2020,2,2,27,56,32,1071,6,2,0,0,0,3,122,50,39,204,0,0,1616,0,0,6,5,2,136,3,0,0,0,0,4,15,10,6,19,0,0,206,2,2,33,61,34,1207,9,2,0,0,0,7,137,60,45,223,0,0,1822
05/06/2020,2,1,25,57,31,1062,9,2,0,0,0,2,120,50,38,206,0,0,1605,0,1,6,6,3,145,3,0,0,0,0,4,18,9,6,21,0,0,222,2,2,31,63,34,1207,12,2,0,0,0,6,138,59,44,227,0,0,1827
05/05/2020,1,0,25,60,35,1077,9,2,0,0,0,2,114,45,39,212,0,0,1621,1,1,6,5,2,139,3,0,0,0,0,4,14,12,6,20,0,0,213,2,1,31,65,37,1216,12,2,0,0,0,6,128,57,45,232,0,0,1834
05/04/2020,1,0,24,60,39,1055,9,2,0,0,0,0,107,49,40,213,0,0,1599,1,1,6,6,1,139,2,0,0,0,0,6,15,13,6,22,0,0,218,2,1,30,66,40,1194,11,2,0,0,0,6,122,62,46,235,0,0,1817
05/03/2020,1,0,22,62,40,1011,6,2,0,0,0,0,103,52,41,208,0,0,1548,1,1,6,5,2,137,2,0,0,0,0,6,14,15,7,21,0,0,217,2,1,28,67,42,1148,8,2,0,0,0,6,117,67,48,229,0,0,1765
05/02/2020,2,0,22,59,40,1005,7,2,0,0,0,0,101,53,38,203,0,0,1532,1,1,7,5,2,136,2,0,0,0,0,7,14,14,7,20,0,0,216,3,1,29,64,42,1141,9,2,0,0,0,7,115,67,45,223,0,0,1748
05/01/2020,2,0,23,62,43,979,5,2,0,0,0,0,100,52,37,204,0,0,1509,1,1,7,4,2,146,2,0,0,0,0,7,15,13,6,18,0,0,222,3,1,30,66,45,1125,7,2,0,0,0,7,115,65,43,222,0,0,1731
04/30/2020,2,2,21,69,45,966,3,2,0,0,0,0,96,50,40,195,0,0,1491,1,0,8,4,2,141,2,0,0,0,0,7,13,14,6,20,0,0,218,3,2,29,73,47,1107,5,2,0,0,0,7,109,64,46,215,0,0,1709
04/29/2020,2,2,20,70,46,948,4,1,0,0,0,0,93,53,39,185,1,0,1464,1,0,9,3,2,138,2,0,0,0,0,7,11,14,5,21,0,0,213,3,2,29,73,48,1086,6,1,0,0,0,7,104,67,44,206,1,0,1677
04/28/2020,2,3,19,77,45,920,3,1,0,0,0,0,90,48,38,176,1,0,1423,1,0,9,3,2,144,4,0,0,0,0,8,11,15,6,19,0,0,222,3,3,28,80,47,1064,7,1,0,0,0,8,101,63,44,195,1,0,1645
04/27/2020,3,5,22,76,45,891,3,2,0,0,0,0,85,44,38,187,1,0,1402,0,0,8,4,2,140,4,0,0,0,0,8,11,14,6,20,0,0,217,3,5,30,80,47,1031,7,2,0,0,0,8,96,58,44,207,1,0,1619
04/26/2020,3,4,23,71,44,820,3,2,0,0,0,0,90,44,43,180,1,0,1328,0,0,8,5,3,134,4,0,0,0,0,7,11,14,6,18,0,0,210,3,4,31,76,47,954,7,2,0,0,0,7,101,58,49,198,1,0,1538
04/25/2020,2,5,21,71,38,824,5,2,0,0,0,0,91,45,34,173,1,0,1312,0,0,7,4,4,132,2,0,0,0,0,8,11,13,5,18,0,0,204,2,5,28,75,42,956,7,2,0,0,0,8,102,58,39,191,1,0,1516
04/24/2020,2,5,22,74,37,834,6,2,0,0,0,0,85,43,33,153,1,0,1297,0,0,6,4,4,136,1,0,0,0,0,8,12,13,5,19,0,0,208,2,5,28,78,41,970,7,2,0,0,0,8,97,56,38,172,1,0,1505
04/23/2020,2,4,21,71,40,797,3,2,0,0,0,0,82,33,22,155,1,0,1233,0,0,8,7,5,144,3,0,0,0,0,9,12,12,7,20,0,0,227,2,4,29,78,45,941,6,2,0,0,0,9,94,45,29,175,1,0,1460
04/22/2020,2,3,22,79,36,757,5,2,0,0,0,0,82,34,21,159,1,0,1203,0,0,5,5,5,138,3,0,0,0,0,7,12,7,7,18,0,0,207,2,3,27,84,41,895,8,2,0,0,0,7,94,41,28,177,1,0,1410
04/21/2020,1,3,21,70,37,674,4,2,0,0,0,1,77,31,17,138,1,0,1077,1,0,5,5,6,131,3,0,0,0,0,6,12,6,7,17,0,0,199,2,3,26,75,43,805,7,2,0,0,0,7,89,37,24,155,1,0,1276
04/20/2020,1,4,26,60,38,644,0,2,0,0,0,2,68,33,16,127,1,0,1022,1,0,7,5,5,129,9,0,0,0,0,5,13,6,7,14,0,0,201,2,4,33,65,43,773,9,2,0,0,0,7,81,39,23,141,1,0,1223
04/19/2020,1,4,26,62,38,605,0,2,0,0,0,2,63,28,16,122,1,0,970,1,0,7,5,5,125,9,0,0,0,0,5,12,5,7,17,0,0,198,2,4,33,67,43,730,9,2,0,0,0,7,75,33,23,139,1,0,1168
04/18/2020,2,7,26,61,36,563,0,4,0,0,0,4,62,34,14,103,1,0,917,1,0,7,6,5,114,9,0,0,0,0,5,11,5,8,12,0,0,183,3,7,33,67,41,677,9,4,0,0,0,9,73,39,22,115,1,0,1100
04/17/2020,2,6,24,56,35,540,0,5,0,0,0,3,68,32,8,99,1,0,879,1,0,8,7,5,120,9,0,0,0,0,5,13,6,8,11,0,0,193,3,6,32,63,40,660,9,5,0,0,0,8,81,38,16,110,1,0,1072
04/16/2020,1,3,31,43,42,490,0,3,0,0,1,7,57,33,10,100,1,0,822,1,0,9,7,7,120,9,0,0,0,0,3,15,6,9,10,0,0,196,2,3,40,50,49,610,9,3,0,0,1,10,72,39,19,110,1,0,1018
04/15/2020,0,3,30,42,48,467,0,3,0,0,0,6,58,34,9,87,1,0,788,2,0,10,7,6,117,10,0,0,0,0,2,11,6,9,7,0,0,187,2,3,40,49,54,584,10,3,0,0,0,8,69,40,18,94,1,0,975
04/14/2020,1,3,30,38,48,441,0,3,0,0,0,5,53,28,9,77,1,0,737,1,0,10,7,7,116,9,0,0,0,0,2,10,7,9,12,0,0,190,2,3,40,45,55,557,9,3,0,0,0,7,63,35,18,89,1,0,927
04/13/2020,0,2,30,39,43,420,1,4,0,0,0,4,52,37,8,89,1,0,730,1,0,10,8,10,101,7,0,0,0,0,2,9,0,9,4,0,0,161,1,2,40,47,53,521,8,4,0,0,0,6,61,37,17,93,1,0,891
04/12/2020,0,2,29,36,38,382,1,5,0,0,0,4,44,37,5,80,1,0,664,1,0,12,11,11,102,3,0,0,0,0,2,12,0,7,5,0,0,166,1,2,41,47,49,484,4,5,0,0,0,6,56,37,12,85,1,0,830
04/11/2020,0,1,27,32,41,365,0,5,0,0,0,5,38,36,7,76,1,0,634,1,0,12,11,11,96,3,0,0,0,0,2,10,0,5,5,0,0,156,1,1,39,43,52,461,3,5,0,0,0,7,48,36,12,81,1,0,790
04/10/2020,0,2,29,30,36,356,0,5,0,0,0,5,36,35,9,68,1,0,612,1,0,12,11,12,90,3,0,0,0,0,1,9,0,4,3,0,0,146,1,2,41,41,48,446,3,5,0,0,0,6,45,35,13,71,1,0,758
